"id","code","name"
forma_1,1,"01 - Anillo vaginal"
forma_2,2,"02 - Aposito"
forma_3,3,"03 - Capleta"
forma_4,4,"04 - Cápsula"
forma_5,5,"05 - Cápsula blanda"
forma_6,6,"06 - Capsula con granulado con recubrimiento enterico"
forma_7,7,"07 - Cápsula con gránulos de liberación retardada"
forma_8,8,"08 - Cápsula con pellets entéricos"
forma_9,9,"09 - Capsula de gelatina blanda"
forma_10,10,"10 - Cápsula de gelatina dura"
forma_11,11,"11 - Capsula de gelatina suave"
forma_12,12,"12 - Cápsula de liberación controlada"
forma_13,13,"13 - Capsula de liberacion prolongada"
forma_14,14,"14 - Capsula de liberacion retardada"
forma_15,15,"15 - Cápsula de liberación retardada (conteniendo gránulos con cubierta entéric)"
forma_16,16,"16 - Capsula de liberacion retardada gastrorresistente"
forma_17,17,"17 - Cápsula de liberación retardada(conteniendo gránulos con cubierta entérica)"
forma_18,18,"18 - Capsula dura"
forma_19,19,"19 - Capsula dura de liberacion prolongada"
forma_20,20,"20 - Capsula gastrorresistente"
forma_21,21,"21 - Cápsula para inhalación"
forma_22,22,"22 - Capsulas con granulos entericos"
forma_23,23,"23 - Cápsulas con microgránulos de liberación prolongada"
forma_24,24,"24 - Capsulas con microgranulos gastrorresistentes"
forma_25,25,"25 - Cápsulas con pellets de liberación prolongada"
forma_26,26,"26 - Cápsulas de liberación modificada"
forma_27,27,"27 - Capsulas duras de liberación prolongada"
forma_28,28,"28 - Cápsulas duras gastrorresistentes"
forma_29,29,"29 - Cápsulas para inhalación"
forma_30,30,"30 - Caramelo"
forma_31,31,"31 - Champu"
forma_32,32,"32 - Comprimido"
forma_33,33,"33 - Comprimido bicapa"
forma_34,34,"34 - Comprimido bucodispersable"
forma_35,35,"35 - Comprimido con cubierta pelicular"
forma_36,36,"36 - Comprimido con recubrimiento enterico"
forma_37,37,"37 - Comprimido de disolucion bucal"
forma_38,38,"38 - Comprimido de liberación modificada"
forma_39,39,"39 - Comprimido de liberación osmótica"
forma_40,40,"40 - Comprimido de liberacion prolongada"
forma_41,41,"41 - Comprimido de liberacion retardada"
forma_42,42,"42 - Comprimido dispersable"
forma_43,43,"43 - Comprimido dispersable / masticable"
forma_44,44,"44 - Comprimido efervescente"
forma_45,45,"45 - Comprimido entérico"
forma_46,46,"46 - Comprimido gastrorresistente"
forma_47,47,"47 - Comprimido masticable"
forma_48,48,"48 - Comprimido orodispersable"
forma_49,49,"49 - Comprimido peliculado de liberacion modificada"
forma_50,50,"50 - Comprimido peliculado de liberación prolongada"
forma_51,51,"51 - Comprimido ranurado"
forma_52,52,"52 - Comprimido recubierto"
forma_53,53,"53 - Comprimido recubierto con película"
forma_54,54,"54 - Comprimido recubierto de liberación prolongada"
forma_55,55,"55 - Comprimido recubierto gastroresistente"
forma_56,56,"56 - Comprimido sublingual"
forma_57,57,"57 - Comprimidos de liberación prolongada recubiertos con película"
forma_58,58,"58 - Comprimidos ranurados de liberación modificada"
forma_59,59,"59 - Comprimidos recubiertos de liberación controlada"
forma_60,60,"60 - Comprimidos recubiertos de liberación sostenida"
forma_61,61,"61 - Comprimidos revestidos"
forma_62,62,"62 - Concentrado para solución inyectable"
forma_63,63,"63 - Concentrado para solución para infusión"
forma_64,64,"64 - Concentrado para solución para perfusión"
forma_65,65,"65 - Crema"
forma_66,66,"66 - Crema vaginal"
forma_67,67,"67 - Dispersión liposomal inyectable endovenosa"
forma_68,68,"68 - Dispositivo vaginal con polvo"
forma_69,69,"69 - Elixir"
forma_70,70,"70 - Emulsion"
forma_71,71,"71 - Emulsion inyectable"
forma_72,72,"72 - Emulsion oral"
forma_73,73,"73 - Enema"
forma_74,74,"74 - Enjuague bucal"
forma_75,75,"75 - Espuma"
forma_76,76,"76 - Gas medicinal"
forma_77,77,"77 - Gas para inhalación"
forma_78,78,"78 - Gasa impregnada con ungüento"
forma_79,79,"79 - Gel"
forma_80,80,"80 - Gel capilar"
forma_81,81,"81 - Gel oftalmico"
forma_82,82,"82 - Gel oral"
forma_83,83,"83 - Gel vaginal"
forma_84,84,"84 - Gotas óticas en solución"
forma_85,85,"85 - Gragea"
forma_86,86,"86 - Gragea de liberación prolongada"
forma_87,87,"87 - Gragea gastroresistente"
forma_88,88,"88 - Granulado para solución oral"
forma_89,89,"89 - Granulado para suspension"
forma_90,90,"90 - Gránulo gastrorresistente para suspensión"
forma_91,91,"91 - Granulos"
forma_92,92,"92 - Granulos de liberacion prolongada"
forma_93,93,"93 - Gránulos de liberación prolongada para suspensión"
forma_94,94,"94 - Granulos efervescentes"
forma_95,95,"95 - Granulos gastro-resistentes"
forma_96,96,"96 - Granulos para solucion"
forma_97,97,"97 - Granulos para suspension"
forma_98,98,"98 - Implante"
forma_99,99,"99 - Jabon solido"
forma_100,100,"100 - Jalea"
forma_101,101,"101 - Jarabe"
forma_102,102,"102 - Jarabe (solucion oral)"
forma_103,103,"103 - Laca para uñas"
forma_104,104,"104 - Liofilizado para suspensión inyectable"
forma_105,105,"105 - Líquido"
forma_106,106,"106 - Líquido anestésico"
forma_107,107,"107 - Liquido para inhalación"
forma_108,108,"108 - Líquido para inhalación del vapor"
forma_109,109,"109 - Líquido viscoso"
forma_110,110,"110 - Locion"
forma_111,111,"111 - Microesferas liofilizadas estériles"
forma_112,112,"112 - Microesferas para suspensión inyectable"
forma_113,113,"113 - Mixtura"
forma_114,114,"114 - Óvulo"
forma_115,115,"115Parche"
forma_116,116,"116 - Parche transdermico"
forma_117,117,"117 - Pastilla"
forma_118,118,"118 - Pelicula bucodispersable"
forma_119,119,"119 - Polvo"
forma_120,120,"120 - Polvo  concentrado para solución para infusión"
forma_121,121,"121 - Polvo  para suspensión de lib. Prolong para jeringa  prellenada"
forma_122,122,"122 - Polvo cristalino para solución inyectable"
forma_123,123,"123 - Polvo efervescente"
forma_124,124,"124 - Polvo estéril para solución inyectable"
forma_125,125,"125 - Polvo granulado"
forma_126,126,"126 - Polvo granulado para solución oral"
forma_127,127,"127 - Polvo liofilizado"
forma_128,128,"128 - Polvo liofilizado para concentrado para solución para perfusión"
forma_129,129,"129 - Polvo liofilizado para solución inyectable"
forma_130,130,"130 - Polvo liofilizado para solución para infusión intravenosa"
forma_131,131,"131 - Polvo liofilizado para solución para perfusión"
forma_132,132,"132 - Polvo liofilizado para suspensión inyectable"
forma_133,133,"133 - Polvo liofilizado para suspensión inyectable de liberación prolongada"
forma_134,134,"134 - Polvo liofilizado para uso parenteral"
forma_135,135,"135 - Polvo para concentrado para solución para infusión"
forma_136,136,"136 - Polvo para concentrado para solución para infusión intravenosa"
forma_137,137,"137 - Polvo para concentrado para solución para perfusión"
forma_138,138,"138 - Polvo para concentrado para solución para perfusión intravenoso"
forma_139,139,"139 - Polvo para infusion"
forma_140,140,"140 - Polvo para inhalacion"
forma_141,141,"141 - Polvo para inhalación en cápsulas"
forma_142,142,"142 - Polvo para inhalacion en capsulas duras"
forma_143,143,"143 - Polvo para solucion"
forma_144,144,"144 - Polvo para solución estéril inyectable"
forma_145,145,"145 - Polvo para solucion inyectable"
forma_146,146,"146 - Polvo para solucion oral"
forma_147,147,"147 - Polvo para solución para infusión"
forma_148,148,"148 - Polvo para solución para perfusión"
forma_149,149,"149 - Polvo para suspensión"
forma_150,150,"150 - Polvo para suspension inyectable"
forma_151,151,"151 - Polvo para suspensión oral"
forma_152,152,"152 - Polvo para suspensión oral y rectal"
forma_153,153,"153 - Polvo topico"
forma_154,154,"154 - Polvo y disolvente para solución inyectable."
forma_155,155,"155 - Pomada"
forma_156,156,"156 - Sistema de liberación vaginal"
forma_157,157,"157 - Sistema intrauterino de liberación"
forma_158,158,"158 - Solución"
forma_159,159,"159 - Solución anestésica inhalatoria"
forma_160,160,"160 - Solucion concentrada"
forma_161,161,"161 - Solución concentrada para infusión"
forma_162,162,"162 - Solución de infusión para aplicación intravenosa"
forma_163,163,"163 - Solución en aerosol"
forma_164,164,"164 - Solución en spray"
forma_165,165,"165 - Solución estéril"
forma_166,166,"166 - Solución estéril para inyección"
forma_167,167,"167 - Solución gotas"
forma_168,168,"168 - Solución intraocular"
forma_169,169,"169 - Solucion inyectable"
forma_170,170,"170 - Solución inyectable concentrada"
forma_171,171,"171 - Solución inyectable concentrado para infusión"
forma_172,172,"172 - Solución inyectable de liberación prolongada"
forma_173,173,"173 - Solucion inyectable para infusion"
forma_174,174,"174 - Solución oftálmica"
forma_175,175,"175 - Solución oleosa inyectable"
forma_176,176,"176 - Solucion oral"
forma_177,177,"177 - Solucion para dialisis peritoneal"
forma_178,178,"178 - Solucion para hemodialisis"
forma_179,179,"179 - Solución para infusión  intravenosa"
forma_180,180,"180 - Solucion para inhalacion"
forma_181,181,"181 - Solucion para irrigacion"
forma_182,182,"182 - Solucion para nebulizacion"
forma_183,183,"183 - Solución para perfusión"
forma_184,184,"184 - Solucion para uñas"
forma_185,185,"185 - Solucion rectal"
forma_186,186,"186 - Spray solución nasal"
forma_187,187,"187 - Supositorio"
forma_188,188,"188 - Suspension"
forma_189,189,"189 - Suspensión  para inhalación"
forma_190,190,"190 - Suspensión acuosa"
forma_191,191,"191 - Suspensión en aerosol"
forma_192,192,"192 - Suspensión en spray"
forma_193,193,"193 - Suspensión estéril"
forma_194,194,"194 - Suspensión inyectable"
forma_195,195,"195 - Suspensión inyectable de liberación prolongada"
forma_196,196,"196 - Suspension oral"
forma_197,197,"197 - Suspensión para inhalación"
forma_198,198,"198 - Suspensión presurizada"
forma_199,199,"199 - Tableta"
forma_200,200,"200 - Tableta bicapa"
forma_201,201,"201 - Tableta con capa entérica"
forma_202,202,"202 - Tableta con cubierta entérica"
forma_203,203,"203 - Tableta cubierta"
forma_204,204,"204 - Tableta de acción prolongada"
forma_205,205,"205 - Tableta de liberacion prolongada"
forma_206,206,"206 - Tableta de liberación retardada."
forma_207,207,"207 - Tableta dispersable"
forma_208,208,"208 - Tableta efervescente"
forma_209,209,"209 - Tableta masticable"
forma_210,210,"210 - Tableta orodispersable"
forma_211,211,"211 - Tableta para chupar"
forma_212,212,"212 - Tableta ranurada"
forma_213,213,"213 - Tableta recubierta"
forma_214,214,"214 - Tableta recubierta con película"
forma_215,215,"215 - Tableta recubierta de liberación extendida"
forma_216,216,"216 - Tableta recubierta de liberacion modificada"
forma_217,217,"217 - Tableta recubierta de liberación prolongada"
forma_218,218,"218 - Tableta recubierta entérica"
forma_219,219,"219 - Tableta recubierta gastrorresistente"
forma_220,220,"220 - Tableta revestida"
forma_221,221,"221 - Tableta sublingual"
forma_222,222,"222 - Tabletas de disolución oral instantánea"
forma_223,223,"223 - Tabletas de liberación extendida"
forma_224,224,"224 - Tabletas dispersables / masticables"
forma_225,225,"225 - Tabletas laqueadas"
forma_226,226,"226 - Tabletas recubiertas de acción prolongada"
forma_227,227,"227 - Tabletas recubiertas de liberacion retardada"
forma_228,228,"228 - Tintura"
forma_229,229,"229 - Unguento"